!Table,!Type,!Length,!Name,!Description,!FK,!Required,File,boolean,datetime,id,integer,links,ref,string,table,Length,Name,Description,RefDef,Required
SchoolBus,table,,SchoolBus,"The School Bus entity, including only information that is of specific interest to the School Bus inspector and not tracked in other systems such as ICBC or NSC",,,Defs,rg:None,rg:None,rg:None,rg:None,rg:None,rg:None,rg:None,table,rg:None,SchoolBus,"The School Bus entity, including only information that is of specific interest to the School Bus inspector and not tracked in other systems such as ICBC or NSC",rg:None,rg:[ { 'req' : 'id'} ]
SchoolBus,id,,id,Primary Key,,Y,Defs,rg:None,rg:None,id,rg:None,rg:None,rg:None,rg:None,rg:None,rg:None,id,Primary Key,rg:None,rg:[ { 'req' : 'id'} ]
SchoolBus,string,,ICBCRegistrationNumber,The ICBC Registration number for the School Bus,,,Defs,rg:None,rg:None,rg:None,rg:None,rg:None,rg:None,string,rg:None,rg:None,ICBCRegistrationNumber,The ICBC Registration number for the School Bus,rg:None,rg:[ { 'req' : 'id'} ]
SchoolBus,string,,licencePlateNumber,The ICBC Plate Number for the School Bus,,,Defs,rg:None,rg:None,rg:None,rg:None,rg:None,rg:None,string,rg:None,rg:None,licencePlateNumber,The ICBC Plate Number for the School Bus,rg:None,rg:[ { 'req' : 'id'} ]
SchoolBus,string,,VehicleIdentificationNumber,The VIN for the School Bus,,,Defs,rg:None,rg:None,rg:None,rg:None,rg:None,rg:None,string,rg:None,rg:None,VehicleIdentificationNumber,The VIN for the School Bus,rg:None,rg:[ { 'req' : 'id'} ]
SchoolBus,ref,,schoolBusOwner,,SchoolBusOwner,,Defs,rg:None,rg:None,rg:None,rg:None,rg:None,ref,rg:None,rg:None,rg:None,schoolBusOwner,rg:None,SchoolBusOwner,rg:[ { 'req' : 'id'} ]
SchoolBus,string,,permitNumber,The (generated) permit number for the School Bus. This will be added by the Inspector before the School Bus Permit can be printed and the bus can go into service.,,,Defs,rg:None,rg:None,rg:None,rg:None,rg:None,rg:None,string,rg:None,rg:None,permitNumber,The (generated) permit number for the School Bus. This will be added by the Inspector before the School Bus Permit can be printed and the bus can go into service.,rg:None,rg:[ { 'req' : 'id'} ]
SchoolBus,string,,status,"Enumerated type of Status - Inactive,  Active,  Archived",,,Defs,rg:None,rg:None,rg:None,rg:None,rg:None,rg:None,string,rg:None,rg:None,status,"Enumerated type of Status - Inactive,  Active,  Archived",rg:None,rg:[ { 'req' : 'id'} ]
SchoolBus,boolean,,isOutOfProvince,,,,Defs,boolean,rg:None,rg:None,rg:None,rg:None,rg:None,rg:None,rg:None,rg:None,isOutOfProvince,rg:None,rg:None,rg:[ { 'req' : 'id'} ]
SchoolBus,ref,,District,,District,,Defs,rg:None,rg:None,rg:None,rg:None,rg:None,ref,rg:None,rg:None,rg:None,District,rg:None,District,rg:[ { 'req' : 'id'} ]
SchoolBus,string,,homeTerminalAddress1,Address 1 of physical location of the School Bus.,,,Defs,rg:None,rg:None,rg:None,rg:None,rg:None,rg:None,string,rg:None,rg:None,homeTerminalAddress1,Address 1 of physical location of the School Bus.,rg:None,rg:[ { 'req' : 'id'} ]
SchoolBus,string,,homeTerminalAddress2,Address 2 of physical location of the School Bus.,,,Defs,rg:None,rg:None,rg:None,rg:None,rg:None,rg:None,string,rg:None,rg:None,homeTerminalAddress2,Address 2 of physical location of the School Bus.,rg:None,rg:[ { 'req' : 'id'} ]
SchoolBus,ref,,homeTerminalCity,City of physical location of the School Bus.,City,,Defs,rg:None,rg:None,rg:None,rg:None,rg:None,ref,rg:None,rg:None,rg:None,homeTerminalCity,City of physical location of the School Bus.,City,rg:[ { 'req' : 'id'} ]
SchoolBus,string,,homeTerminalProvince,Province of physical location of the School Bus - free form.,,,Defs,rg:None,rg:None,rg:None,rg:None,rg:None,rg:None,string,rg:None,rg:None,homeTerminalProvince,Province of physical location of the School Bus - free form.,rg:None,rg:[ { 'req' : 'id'} ]
SchoolBus,string,,homeTerminalPostalCode,Postal Code of physical location of the School Bus.,,,Defs,rg:None,rg:None,rg:None,rg:None,rg:None,rg:None,string,rg:None,rg:None,homeTerminalPostalCode,Postal Code of physical location of the School Bus.,rg:None,rg:[ { 'req' : 'id'} ]
SchoolBus,string,,homeTerminalComment,A comment about the physical location of the bus so that the Inspector can more easily find it for an inspection,,,Defs,rg:None,rg:None,rg:None,rg:None,rg:None,rg:None,string,rg:None,rg:None,homeTerminalComment,A comment about the physical location of the bus so that the Inspector can more easily find it for an inspection,rg:None,rg:[ { 'req' : 'id'} ]
SchoolBus,string,,restrictionsText,Text of any restrictions to be printed on the school bus permit.,,,Defs,rg:None,rg:None,rg:None,rg:None,rg:None,rg:None,string,rg:None,rg:None,restrictionsText,Text of any restrictions to be printed on the school bus permit.,rg:None,rg:[ { 'req' : 'id'} ]
SchoolBus,datetime,,nextInspectionDate,The next inspection date for this School Bus. Set at the time an inspection is set.,,,Defs,rg:None,datetime,rg:None,rg:None,rg:None,rg:None,rg:None,rg:None,rg:None,nextInspectionDate,The next inspection date for this School Bus. Set at the time an inspection is set.,rg:None,rg:[ { 'req' : 'id'} ]
SchoolBus,string,,nextInspectionTypeCode,An enumerated type (by the UI) to indicate the type of the next inspection - Annual or Re-inspection based on the Pass/Fail status of the most recent inspection.,,,Defs,rg:None,rg:None,rg:None,rg:None,rg:None,rg:None,string,rg:None,rg:None,nextInspectionTypeCode,An enumerated type (by the UI) to indicate the type of the next inspection - Annual or Re-inspection based on the Pass/Fail status of the most recent inspection.,rg:None,rg:[ { 'req' : 'id'} ]
SchoolBus,ref,,schoolDistrict,The School District in which the School Bus operates. The school bus may or may not be associated with the School District itself - we just track where it is regardless.,SchoolDistrict,,Defs,rg:None,rg:None,rg:None,rg:None,rg:None,ref,rg:None,rg:None,rg:None,schoolDistrict,The School District in which the School Bus operates. The school bus may or may not be associated with the School District itself - we just track where it is regardless.,SchoolDistrict,rg:[ { 'req' : 'id'} ]
SchoolBus,boolean,,isIndependentSchool,"True if the School Bus is associated with an Independent School. If true,  the name of the Independent School should be in the companion field.",,,Defs,boolean,rg:None,rg:None,rg:None,rg:None,rg:None,rg:None,rg:None,rg:None,isIndependentSchool,"True if the School Bus is associated with an Independent School. If true,  the name of the Independent School should be in the companion field.",rg:None,rg:[ { 'req' : 'id'} ]
SchoolBus,string,,independentSchoolName,The name of the Independent School to which the School Bus is associated. Should be null if the companion isIndependentSchool is false.,,,Defs,rg:None,rg:None,rg:None,rg:None,rg:None,rg:None,string,rg:None,rg:None,independentSchoolName,The name of the Independent School to which the School Bus is associated. Should be null if the companion isIndependentSchool is false.,rg:None,rg:[ { 'req' : 'id'} ]
SchoolBus,string,,permitClassCode,The enumerated class of School Bus.,,,Defs,rg:None,rg:None,rg:None,rg:None,rg:None,rg:None,string,rg:None,rg:None,permitClassCode,The enumerated class of School Bus.,rg:None,rg:[ { 'req' : 'id'} ]
SchoolBus,string,,bodyTypeCode,The enumerated body type of the School Bus.,,,Defs,rg:None,rg:None,rg:None,rg:None,rg:None,rg:None,string,rg:None,rg:None,bodyTypeCode,The enumerated body type of the School Bus.,rg:None,rg:[ { 'req' : 'id'} ]
SchoolBus,string,,unitNumber,The unit number of the Bus as defined by the School Bus owner - freeform text.,,,Defs,rg:None,rg:None,rg:None,rg:None,rg:None,rg:None,string,rg:None,rg:None,unitNumber,The unit number of the Bus as defined by the School Bus owner - freeform text.,rg:None,rg:[ { 'req' : 'id'} ]
SchoolBus,integer,,schoolBusSeatingCapacity,"The maximum number of passengers in the bus based on the specific use of the bus. For example,  the same 2-per seat / 24-passenger model might have a seating capacity of 36 if the specific bus is to be used for small children,  3 per seat.",,,Defs,rg:None,rg:None,rg:None,integer,rg:None,rg:None,rg:None,rg:None,rg:None,schoolBusSeatingCapacity,"The maximum number of passengers in the bus based on the specific use of the bus. For example,  the same 2-per seat / 24-passenger model might have a seating capacity of 36 if the specific bus is to be used for small children,  3 per seat.",rg:None,rg:[ { 'req' : 'id'} ]
SchoolBus,integer,,mobilityAidCapacity,The number of mobility aid passenger seats in the bus.,,,Defs,rg:None,rg:None,rg:None,integer,rg:None,rg:None,rg:None,rg:None,rg:None,mobilityAidCapacity,The number of mobility aid passenger seats in the bus.,rg:None,rg:[ { 'req' : 'id'} ]
SchoolBus,ref,,inspector,The inspector assigned to this schoolbus,User,,Defs,rg:None,rg:None,rg:None,rg:None,rg:None,ref,rg:None,rg:None,rg:None,inspector,The inspector assigned to this schoolbus,User,rg:[ { 'req' : 'id'} ]
SchoolBus,links,,notes,The set of notes about the school bus entered by users.,Note,,Defs,rg:None,rg:None,rg:None,rg:None,links,rg:None,rg:None,rg:None,rg:None,notes,The set of notes about the school bus entered by users.,Note,rg:[ { 'req' : 'id'} ]
SchoolBus,links,,attachments,The set of attachments about the school bus uploaded by the users.,Attachment,,Defs,rg:None,rg:None,rg:None,rg:None,links,rg:None,rg:None,rg:None,rg:None,attachments,The set of attachments about the school bus uploaded by the users.,Attachment,rg:[ { 'req' : 'id'} ]
SchoolBus,links,,history,The history of updates made to the School Bus.,History,,Defs,rg:None,rg:None,rg:None,rg:None,links,rg:None,rg:None,rg:None,rg:None,history,The history of updates made to the School Bus.,History,rg:[ { 'req' : 'id'} ]
SchoolBusOwner,table,,SchoolBusOwner,,,,Defs,rg:None,rg:None,rg:None,rg:None,rg:None,rg:None,rg:None,table,rg:None,SchoolBusOwner,rg:None,rg:None,rg:[ { 'req' : 'id'} ]
SchoolBusOwner,id,,id,Primary Key,,Y,Defs,rg:None,rg:None,id,rg:None,rg:None,rg:None,rg:None,rg:None,rg:None,id,Primary Key,rg:None,rg:[ { 'req' : 'id'} ]
SchoolBusOwner,string,,name,"The name of the School Bus owner as defined by the user/Inspector. Not tied to the ICBC or NSC names,  but whatever is most useful for the Inspectors.",,,Defs,rg:None,rg:None,rg:None,rg:None,rg:None,rg:None,string,rg:None,rg:None,name,"The name of the School Bus owner as defined by the user/Inspector. Not tied to the ICBC or NSC names,  but whatever is most useful for the Inspectors.",rg:None,rg:[ { 'req' : 'id'} ]
SchoolBusOwner,string,,status,"Status of the School Bus owner - enumerated value Active,  Archived",,,Defs,rg:None,rg:None,rg:None,rg:None,rg:None,rg:None,string,rg:None,rg:None,status,"Status of the School Bus owner - enumerated value Active,  Archived",rg:None,rg:[ { 'req' : 'id'} ]
SchoolBusOwner,datetime,,dateCreated,"The date-time of the creation of the record from the audit fields. Since this might be surfaced in the API,  adding it to the definition.",,,Defs,rg:None,datetime,rg:None,rg:None,rg:None,rg:None,rg:None,rg:None,rg:None,dateCreated,"The date-time of the creation of the record from the audit fields. Since this might be surfaced in the API,  adding it to the definition.",rg:None,rg:[ { 'req' : 'id'} ]
SchoolBusOwner,ref,,primaryContact,Link to the designated Primary Contact for the Inspector to the School Bus Owner organization.,Contact,,Defs,rg:None,rg:None,rg:None,rg:None,rg:None,ref,rg:None,rg:None,rg:None,primaryContact,Link to the designated Primary Contact for the Inspector to the School Bus Owner organization.,Contact,rg:[ { 'req' : 'id'} ]
SchoolBusOwner,ref,,District,The District to which this School Bus is affliated.,District,,Defs,rg:None,rg:None,rg:None,rg:None,rg:None,ref,rg:None,rg:None,rg:None,District,The District to which this School Bus is affliated.,District,rg:[ { 'req' : 'id'} ]
SchoolBusOwner,links,,contacts,The set of contacts related to the School Bus Owner.,Contact,,Defs,rg:None,rg:None,rg:None,rg:None,links,rg:None,rg:None,rg:None,rg:None,contacts,The set of contacts related to the School Bus Owner.,Contact,rg:[ { 'req' : 'id'} ]
SchoolBusOwner,links,,notes,The set of notes about the school bus owner entered by users.,Note,,Defs,rg:None,rg:None,rg:None,rg:None,links,rg:None,rg:None,rg:None,rg:None,notes,The set of notes about the school bus owner entered by users.,Note,rg:[ { 'req' : 'id'} ]
SchoolBusOwner,links,,attachments,The set of attachments about the school bus owner uploaded by the users.,Attachment,,Defs,rg:None,rg:None,rg:None,rg:None,links,rg:None,rg:None,rg:None,rg:None,attachments,The set of attachments about the school bus owner uploaded by the users.,Attachment,rg:[ { 'req' : 'id'} ]
SchoolBusOwner,links,,history,The history of updates made to the School Bus Owner data.,History,,Defs,rg:None,rg:None,rg:None,rg:None,links,rg:None,rg:None,rg:None,rg:None,history,The history of updates made to the School Bus Owner data.,History,rg:[ { 'req' : 'id'} ]
CCWData,table,,CCWData,"Data pulled in from external sources (ICBC, NSC, etc) about School Buses and retained but not updated in the School Bus app. All data elements are simply copied from the comparable fields in the WSDLs of the Web Service Calls.",,,Defs,rg:None,rg:None,rg:None,rg:None,rg:None,rg:None,rg:None,table,rg:None,CCWData,"Data pulled in from external sources (ICBC, NSC, etc) about School Buses and retained but not updated in the School Bus app. All data elements are simply copied from the comparable fields in the WSDLs of the Web Service Calls.",rg:None,rg:[ { 'req' : 'id'} ]
CCWData,id,,id,Primary Key,,Y,Defs,rg:None,rg:None,id,rg:None,rg:None,rg:None,rg:None,rg:None,rg:None,id,Primary Key,rg:None,rg:[ { 'req' : 'id'} ]
CCWData,string,,ICBCRegistrationNumber,The Registration Number (Regi) is the link between the CCW information and a specific School Bus,,,Defs,rg:None,rg:None,rg:None,rg:None,rg:None,rg:None,string,rg:None,rg:None,ICBCRegistrationNumber,The Registration Number (Regi) is the link between the CCW information and a specific School Bus,rg:None,rg:[ { 'req' : 'id'} ]
CCWData,integer,,ICBCModelYear,Vehicle Year,,,Defs,rg:None,rg:None,rg:None,integer,rg:None,rg:None,rg:None,rg:None,rg:None,ICBCModelYear,Vehicle Year,rg:None,rg:[ { 'req' : 'id'} ]
CCWData,string,,ICBCVehicleType,,,,Defs,rg:None,rg:None,rg:None,rg:None,rg:None,rg:None,string,rg:None,rg:None,ICBCVehicleType,rg:None,rg:None,rg:[ { 'req' : 'id'} ]
CCWData,string,,ICBCRateClass,,,,Defs,rg:None,rg:None,rg:None,rg:None,rg:None,rg:None,string,rg:None,rg:None,ICBCRateClass,rg:None,rg:None,rg:[ { 'req' : 'id'} ]
CCWData,string,,ICBCCVIPDecal,,,,Defs,rg:None,rg:None,rg:None,rg:None,rg:None,rg:None,string,rg:None,rg:None,ICBCCVIPDecal,rg:None,rg:None,rg:[ { 'req' : 'id'} ]
CCWData,integer,,ICBCFleetUnitNo,,,,Defs,rg:None,rg:None,rg:None,integer,rg:None,rg:None,rg:None,rg:None,rg:None,ICBCFleetUnitNo,rg:None,rg:None,rg:[ { 'req' : 'id'} ]
CCWData,integer,,ICBCGrossVehicleWeight,,,,Defs,rg:None,rg:None,rg:None,integer,rg:None,rg:None,rg:None,rg:None,rg:None,ICBCGrossVehicleWeight,rg:None,rg:None,rg:[ { 'req' : 'id'} ]
CCWData,string,,ICBCMake,,,,Defs,rg:None,rg:None,rg:None,rg:None,rg:None,rg:None,string,rg:None,rg:None,ICBCMake,rg:None,rg:None,rg:[ { 'req' : 'id'} ]
CCWData,string,,ICBCBody,,,,Defs,rg:None,rg:None,rg:None,rg:None,rg:None,rg:None,string,rg:None,rg:None,ICBCBody,rg:None,rg:None,rg:[ { 'req' : 'id'} ]
CCWData,string,,ICBCRebuiltStatus,,,,Defs,rg:None,rg:None,rg:None,rg:None,rg:None,rg:None,string,rg:None,rg:None,ICBCRebuiltStatus,rg:None,rg:None,rg:[ { 'req' : 'id'} ]
CCWData,datetime,,ICBCCVIPExpiry,,,,Defs,rg:None,datetime,rg:None,rg:None,rg:None,rg:None,rg:None,rg:None,rg:None,ICBCCVIPExpiry,rg:None,rg:None,rg:[ { 'req' : 'id'} ]
CCWData,integer,,ICBCNetWt,,,,Defs,rg:None,rg:None,rg:None,integer,rg:None,rg:None,rg:None,rg:None,rg:None,ICBCNetWt,rg:None,rg:None,rg:[ { 'req' : 'id'} ]
CCWData,string,,ICBCModel,,,,Defs,rg:None,rg:None,rg:None,rg:None,rg:None,rg:None,string,rg:None,rg:None,ICBCModel,rg:None,rg:None,rg:[ { 'req' : 'id'} ]
CCWData,string,,ICBCFuel,,,,Defs,rg:None,rg:None,rg:None,rg:None,rg:None,rg:None,string,rg:None,rg:None,ICBCFuel,rg:None,rg:None,rg:[ { 'req' : 'id'} ]
CCWData,integer,,ICBCSeatingCapacity,,,,Defs,rg:None,rg:None,rg:None,integer,rg:None,rg:None,rg:None,rg:None,rg:None,ICBCSeatingCapacity,rg:None,rg:None,rg:[ { 'req' : 'id'} ]
CCWData,string,,ICBCColour,,,,Defs,rg:None,rg:None,rg:None,rg:None,rg:None,rg:None,string,rg:None,rg:None,ICBCColour,rg:None,rg:None,rg:[ { 'req' : 'id'} ]
CCWData,string,,ICBCNotesAndOrders,,,,Defs,rg:None,rg:None,rg:None,rg:None,rg:None,rg:None,string,rg:None,rg:None,ICBCNotesAndOrders,rg:None,rg:None,rg:[ { 'req' : 'id'} ]
CCWData,datetime,,ICBCOrderedOn,,,,Defs,rg:None,datetime,rg:None,rg:None,rg:None,rg:None,rg:None,rg:None,rg:None,ICBCOrderedOn,rg:None,rg:None,rg:[ { 'req' : 'id'} ]
CCWData,string,,ICBCRegOwnerName,,,,Defs,rg:None,rg:None,rg:None,rg:None,rg:None,rg:None,string,rg:None,rg:None,ICBCRegOwnerName,rg:None,rg:None,rg:[ { 'req' : 'id'} ]
CCWData,string,,ICBCRegOwnerAddr1,,,,Defs,rg:None,rg:None,rg:None,rg:None,rg:None,rg:None,string,rg:None,rg:None,ICBCRegOwnerAddr1,rg:None,rg:None,rg:[ { 'req' : 'id'} ]
CCWData,string,,ICBCRegOwnerAddr2,,,,Defs,rg:None,rg:None,rg:None,rg:None,rg:None,rg:None,string,rg:None,rg:None,ICBCRegOwnerAddr2,rg:None,rg:None,rg:[ { 'req' : 'id'} ]
CCWData,string,,ICBCRegOwnerCity,,,,Defs,rg:None,rg:None,rg:None,rg:None,rg:None,rg:None,string,rg:None,rg:None,ICBCRegOwnerCity,rg:None,rg:None,rg:[ { 'req' : 'id'} ]
CCWData,string,,ICBCRegOwnerProv,,,,Defs,rg:None,rg:None,rg:None,rg:None,rg:None,rg:None,string,rg:None,rg:None,ICBCRegOwnerProv,rg:None,rg:None,rg:[ { 'req' : 'id'} ]
CCWData,string,,ICBCRegOwnerPostalCode,,,,Defs,rg:None,rg:None,rg:None,rg:None,rg:None,rg:None,string,rg:None,rg:None,ICBCRegOwnerPostalCode,rg:None,rg:None,rg:[ { 'req' : 'id'} ]
CCWData,string,,ICBCRegOwnerStatus,,,,Defs,rg:None,rg:None,rg:None,rg:None,rg:None,rg:None,string,rg:None,rg:None,ICBCRegOwnerStatus,rg:None,rg:None,rg:[ { 'req' : 'id'} ]
CCWData,string,,ICBCRegOwnerRODL,,,,Defs,rg:None,rg:None,rg:None,rg:None,rg:None,rg:None,string,rg:None,rg:None,ICBCRegOwnerRODL,rg:None,rg:None,rg:[ { 'req' : 'id'} ]
CCWData,string,,ICBCRegOwnerPool,,,,Defs,rg:None,rg:None,rg:None,rg:None,rg:None,rg:None,string,rg:None,rg:None,ICBCRegOwnerPool,rg:None,rg:None,rg:[ { 'req' : 'id'} ]
CCWData,string,,NSCClientNum,,,,Defs,rg:None,rg:None,rg:None,rg:None,rg:None,rg:None,string,rg:None,rg:None,NSCClientNum,rg:None,rg:None,rg:[ { 'req' : 'id'} ]
CCWData,string,,NSCCarrierName,,,,Defs,rg:None,rg:None,rg:None,rg:None,rg:None,rg:None,string,rg:None,rg:None,NSCCarrierName,rg:None,rg:None,rg:[ { 'req' : 'id'} ]
CCWData,string,,NSCCarrierConditions,,,,Defs,rg:None,rg:None,rg:None,rg:None,rg:None,rg:None,string,rg:None,rg:None,NSCCarrierConditions,rg:None,rg:None,rg:[ { 'req' : 'id'} ]
CCWData,string,,NSCCarrierSafetyRating,,,,Defs,rg:None,rg:None,rg:None,rg:None,rg:None,rg:None,string,rg:None,rg:None,NSCCarrierSafetyRating,rg:None,rg:None,rg:[ { 'req' : 'id'} ]
CCWData,string,,NSCPolicyNumber,,,,Defs,rg:None,rg:None,rg:None,rg:None,rg:None,rg:None,string,rg:None,rg:None,NSCPolicyNumber,rg:None,rg:None,rg:[ { 'req' : 'id'} ]
CCWData,datetime,,NSCPolicyEffectiveDate,,,,Defs,rg:None,datetime,rg:None,rg:None,rg:None,rg:None,rg:None,rg:None,rg:None,NSCPolicyEffectiveDate,rg:None,rg:None,rg:[ { 'req' : 'id'} ]
CCWData,datetime,,NSCPolicyStatusDate,,,,Defs,rg:None,datetime,rg:None,rg:None,rg:None,rg:None,rg:None,rg:None,rg:None,NSCPolicyStatusDate,rg:None,rg:None,rg:[ { 'req' : 'id'} ]
CCWData,datetime,,NSCPolicyExpiryDate,,,,Defs,rg:None,datetime,rg:None,rg:None,rg:None,rg:None,rg:None,rg:None,rg:None,NSCPolicyExpiryDate,rg:None,rg:None,rg:[ { 'req' : 'id'} ]
CCWData,string,,NSCPolicyStatus,,,,Defs,rg:None,rg:None,rg:None,rg:None,rg:None,rg:None,string,rg:None,rg:None,NSCPolicyStatus,rg:None,rg:None,rg:[ { 'req' : 'id'} ]
CCWData,string,,NSCPlateDecal,,,,Defs,rg:None,rg:None,rg:None,rg:None,rg:None,rg:None,string,rg:None,rg:None,NSCPlateDecal,rg:None,rg:None,rg:[ { 'req' : 'id'} ]
Inspection,table,,Inspection,,,,Defs,rg:None,rg:None,rg:None,rg:None,rg:None,rg:None,rg:None,table,rg:None,Inspection,rg:None,rg:None,rg:[ { 'req' : 'id'} ]
Inspection,id,,id,Primary Key make this match the Inspection Details page,,Y,Defs,rg:None,rg:None,id,rg:None,rg:None,rg:None,rg:None,rg:None,rg:None,id,Primary Key make this match the Inspection Details page,rg:None,rg:[ { 'req' : 'id'} ]
Inspection,ref,,schoolBus,,SchoolBus,,Defs,rg:None,rg:None,rg:None,rg:None,rg:None,ref,rg:None,rg:None,rg:None,schoolBus,rg:None,SchoolBus,rg:[ { 'req' : 'id'} ]
Inspection,ref,,inspector,"Defaults for a new inspection to the current user,  but can be changed as needed.",User,,Defs,rg:None,rg:None,rg:None,rg:None,rg:None,ref,rg:None,rg:None,rg:None,inspector,"Defaults for a new inspection to the current user,  but can be changed as needed.",User,rg:[ { 'req' : 'id'} ]
Inspection,datetime,,inspectionDate,The date the inspection was conducted.,,,Defs,rg:None,datetime,rg:None,rg:None,rg:None,rg:None,rg:None,rg:None,rg:None,inspectionDate,The date the inspection was conducted.,rg:None,rg:[ { 'req' : 'id'} ]
Inspection,string,,inspectionTypeCode,"The type of the inspection - enumerated type of Annual or Re-inspection,  pulled from the School Bus record at the time the inspection record is created",,,Defs,rg:None,rg:None,rg:None,rg:None,rg:None,rg:None,string,rg:None,rg:None,inspectionTypeCode,"The type of the inspection - enumerated type of Annual or Re-inspection,  pulled from the School Bus record at the time the inspection record is created",rg:None,rg:[ { 'req' : 'id'} ]
Inspection,string,,inspectionResultCode,The result of the inspection - enumerated type of Passed or Failed. The detailed results of the inspection are in RIP and not duplicated here.,,,Defs,rg:None,rg:None,rg:None,rg:None,rg:None,rg:None,string,rg:None,rg:None,inspectionResultCode,The result of the inspection - enumerated type of Passed or Failed. The detailed results of the inspection are in RIP and not duplicated here.,rg:None,rg:[ { 'req' : 'id'} ]
Inspection,string,,notes,A note about the inspection independent of what goes into the RIP inspection - this is just for the School Bus application.,,,Defs,rg:None,rg:None,rg:None,rg:None,rg:None,rg:None,string,rg:None,rg:None,notes,A note about the inspection independent of what goes into the RIP inspection - this is just for the School Bus application.,rg:None,rg:[ { 'req' : 'id'} ]
Inspection,string,,RIPInspectionId,The ID of the RIP inspection. The expectation is that the user will manually enter a RIP ID such that an external URL can be formed to allow the user to open the RIP inspection and see the inspection details.,,,Defs,rg:None,rg:None,rg:None,rg:None,rg:None,rg:None,string,rg:None,rg:None,RIPInspectionId,The ID of the RIP inspection. The expectation is that the user will manually enter a RIP ID such that an external URL can be formed to allow the user to open the RIP inspection and see the inspection details.,rg:None,rg:[ { 'req' : 'id'} ]
Inspection,datetime,,createdDate,Record creation date,,,Defs,rg:None,datetime,rg:None,rg:None,rg:None,rg:None,rg:None,rg:None,rg:None,createdDate,Record creation date,rg:None,rg:[ { 'req' : 'id'} ]
Note,table,,Note,Notes entered by users about instance of entities - e.g. School Buses and School Bus Owners,,,Defs,rg:None,rg:None,rg:None,rg:None,rg:None,rg:None,rg:None,table,rg:None,Note,Notes entered by users about instance of entities - e.g. School Buses and School Bus Owners,rg:None,rg:[ { 'req' : 'id'} ]
Note,id,,id,Primary Key,,Y,Defs,rg:None,rg:None,id,rg:None,rg:None,rg:None,rg:None,rg:None,rg:None,id,Primary Key,rg:None,rg:[ { 'req' : 'id'} ]
Note,string,,noteText,The contents of the note.,,,Defs,rg:None,rg:None,rg:None,rg:None,rg:None,rg:None,string,rg:None,rg:None,noteText,The contents of the note.,rg:None,rg:[ { 'req' : 'id'} ]
Note,boolean,,isNoLongerRelevant,"A user set flag that the note is no longer relevant. Allows the note to be retained for historical reasons,  but identified to other users as no longer applicable.",,,Defs,boolean,rg:None,rg:None,rg:None,rg:None,rg:None,rg:None,rg:None,rg:None,isNoLongerRelevant,"A user set flag that the note is no longer relevant. Allows the note to be retained for historical reasons,  but identified to other users as no longer applicable.",rg:None,rg:[ { 'req' : 'id'} ]
Attachment,table,,Attachment,Attachments uploaded by users about instance of entities - e.g. School Buses and School Bus Owners,,,Defs,rg:None,rg:None,rg:None,rg:None,rg:None,rg:None,rg:None,table,rg:None,Attachment,Attachments uploaded by users about instance of entities - e.g. School Buses and School Bus Owners,rg:None,rg:[ { 'req' : 'id'} ]
Attachment,id,,id,Primary Key,,Y,Defs,rg:None,rg:None,id,rg:None,rg:None,rg:None,rg:None,rg:None,rg:None,id,Primary Key,rg:None,rg:[ { 'req' : 'id'} ]
Attachment,string,,internalFileName,The physical location of the attachment on the file system.,,,Defs,rg:None,rg:None,rg:None,rg:None,rg:None,rg:None,string,rg:None,rg:None,internalFileName,The physical location of the attachment on the file system.,rg:None,rg:[ { 'req' : 'id'} ]
Attachment,string,,externalFileName,The name of the attachment as defined by the user in uploading the document.,,,Defs,rg:None,rg:None,rg:None,rg:None,rg:None,rg:None,string,rg:None,rg:None,externalFileName,The name of the attachment as defined by the user in uploading the document.,rg:None,rg:[ { 'req' : 'id'} ]
Attachment,string,,description,"A note about the attachment,  optionally maintained by the user.",,,Defs,rg:None,rg:None,rg:None,rg:None,rg:None,rg:None,string,rg:None,rg:None,description,"A note about the attachment,  optionally maintained by the user.",rg:None,rg:[ { 'req' : 'id'} ]
History,table,,History,The history of updates made to an entity - e.g. a School Bus or a School Bus Owner,,,Defs,rg:None,rg:None,rg:None,rg:None,rg:None,rg:None,rg:None,table,rg:None,History,The history of updates made to an entity - e.g. a School Bus or a School Bus Owner,rg:None,rg:[ { 'req' : 'id'} ]
History,id,,id,Primary Key,,Y,Defs,rg:None,rg:None,id,rg:None,rg:None,rg:None,rg:None,rg:None,rg:None,id,Primary Key,rg:None,rg:[ { 'req' : 'id'} ]
History,string,,historyText,The text of the history entry tracked against the related entity.,,,Defs,rg:None,rg:None,rg:None,rg:None,rg:None,rg:None,string,rg:None,rg:None,historyText,The text of the history entry tracked against the related entity.,rg:None,rg:[ { 'req' : 'id'} ]
Contact,table,,Contact,,,,Defs,rg:None,rg:None,rg:None,rg:None,rg:None,rg:None,rg:None,table,rg:None,Contact,rg:None,rg:None,rg:[ { 'req' : 'id'} ]
Contact,id,,id,Primary Key,,Y,Defs,rg:None,rg:None,id,rg:None,rg:None,rg:None,rg:None,rg:None,rg:None,id,Primary Key,rg:None,rg:[ { 'req' : 'id'} ]
Contact,string,,givenName,The given name of the contact.,,,Defs,rg:None,rg:None,rg:None,rg:None,rg:None,rg:None,string,rg:None,rg:None,givenName,The given name of the contact.,rg:None,rg:[ { 'req' : 'id'} ]
Contact,string,,surname,The surname of the contact.,,,Defs,rg:None,rg:None,rg:None,rg:None,rg:None,rg:None,string,rg:None,rg:None,surname,The surname of the contact.,rg:None,rg:[ { 'req' : 'id'} ]
Contact,string,,role,The role of the contact. UI controlled as to whether it is free form or selected from an enumerated list.,,,Defs,rg:None,rg:None,rg:None,rg:None,rg:None,rg:None,string,rg:None,rg:None,role,The role of the contact. UI controlled as to whether it is free form or selected from an enumerated list.,rg:None,rg:[ { 'req' : 'id'} ]
Contact,string,,notes,A note about the contact maintained by the users.,,,Defs,rg:None,rg:None,rg:None,rg:None,rg:None,rg:None,string,rg:None,rg:None,notes,A note about the contact maintained by the users.,rg:None,rg:[ { 'req' : 'id'} ]
Contact,links,,contactPhones,,ContactPhone,,Defs,rg:None,rg:None,rg:None,rg:None,links,rg:None,rg:None,rg:None,rg:None,contactPhones,rg:None,ContactPhone,rg:[ { 'req' : 'id'} ]
Contact,links,,contactAddresses,,ContactAddress,,Defs,rg:None,rg:None,rg:None,rg:None,links,rg:None,rg:None,rg:None,rg:None,contactAddresses,rg:None,ContactAddress,rg:[ { 'req' : 'id'} ]
ContactPhone,table,,ContactPhone,,,,Defs,rg:None,rg:None,rg:None,rg:None,rg:None,rg:None,rg:None,table,rg:None,ContactPhone,rg:None,rg:None,rg:[ { 'req' : 'id'} ]
ContactPhone,id,,id,Primary Key,,Y,Defs,rg:None,rg:None,id,rg:None,rg:None,rg:None,rg:None,rg:None,rg:None,id,Primary Key,rg:None,rg:[ { 'req' : 'id'} ]
ContactPhone,string,,type,The type of the phone number. UI controlled as to whether it is free form or selected from an enumerated list.,,,Defs,rg:None,rg:None,rg:None,rg:None,rg:None,rg:None,string,rg:None,rg:None,type,The type of the phone number. UI controlled as to whether it is free form or selected from an enumerated list.,rg:None,rg:[ { 'req' : 'id'} ]
ContactPhone,string,,phoneNumber,The phone number of the contact. Entered as free form to support a range of formats.,,,Defs,rg:None,rg:None,rg:None,rg:None,rg:None,rg:None,string,rg:None,rg:None,phoneNumber,The phone number of the contact. Entered as free form to support a range of formats.,rg:None,rg:[ { 'req' : 'id'} ]
ContactAddress,table,,ContactAddress,,,,Defs,rg:None,rg:None,rg:None,rg:None,rg:None,rg:None,rg:None,table,rg:None,ContactAddress,rg:None,rg:None,rg:[ { 'req' : 'id'} ]
ContactAddress,id,,id,Primary Key,,Y,Defs,rg:None,rg:None,id,rg:None,rg:None,rg:None,rg:None,rg:None,rg:None,id,Primary Key,rg:None,rg:[ { 'req' : 'id'} ]
ContactAddress,string,,type,The type of the address. UI controlled as to whether it is free form or selected from an enumerated list.,,,Defs,rg:None,rg:None,rg:None,rg:None,rg:None,rg:None,string,rg:None,rg:None,type,The type of the address. UI controlled as to whether it is free form or selected from an enumerated list.,rg:None,rg:[ { 'req' : 'id'} ]
ContactAddress,string,,address1,Address 1 line of the address.,,,Defs,rg:None,rg:None,rg:None,rg:None,rg:None,rg:None,string,rg:None,rg:None,address1,Address 1 line of the address.,rg:None,rg:[ { 'req' : 'id'} ]
ContactAddress,string,,address2,Address 2 line of the address.,,,Defs,rg:None,rg:None,rg:None,rg:None,rg:None,rg:None,string,rg:None,rg:None,address2,Address 2 line of the address.,rg:None,rg:[ { 'req' : 'id'} ]
ContactAddress,string,,city,The City of the address.,,,Defs,rg:None,rg:None,rg:None,rg:None,rg:None,rg:None,string,rg:None,rg:None,city,The City of the address.,rg:None,rg:[ { 'req' : 'id'} ]
ContactAddress,string,,province,The Province of the address.,,,Defs,rg:None,rg:None,rg:None,rg:None,rg:None,rg:None,string,rg:None,rg:None,province,The Province of the address.,rg:None,rg:[ { 'req' : 'id'} ]
ContactAddress,string,,postalCode,The postal code of the address.,,,Defs,rg:None,rg:None,rg:None,rg:None,rg:None,rg:None,string,rg:None,rg:None,postalCode,The postal code of the address.,rg:None,rg:[ { 'req' : 'id'} ]
UserFavourite,table,,UserFavourite,User specific settings for a specific location in the UI. The location and saved settings are internally defined by the UI.,,,Defs,rg:None,rg:None,rg:None,rg:None,rg:None,rg:None,rg:None,table,rg:None,UserFavourite,User specific settings for a specific location in the UI. The location and saved settings are internally defined by the UI.,rg:None,rg:[ { 'req' : 'id'} ]
UserFavourite,id,,id,Primary Key,,Y,Defs,rg:None,rg:None,id,rg:None,rg:None,rg:None,rg:None,rg:None,rg:None,id,Primary Key,rg:None,rg:[ { 'req' : 'id'} ]
UserFavourite,string,,type,The type of Favourite,,,Defs,rg:None,rg:None,rg:None,rg:None,rg:None,rg:None,string,rg:None,rg:None,type,The type of Favourite,rg:None,rg:[ { 'req' : 'id'} ]
UserFavourite,string,,name,The user-defined name for the recorded settings. Allows the user to save different groups of settings and access each one easily when needed.,,,Defs,rg:None,rg:None,rg:None,rg:None,rg:None,rg:None,string,rg:None,rg:None,name,The user-defined name for the recorded settings. Allows the user to save different groups of settings and access each one easily when needed.,rg:None,rg:[ { 'req' : 'id'} ]
UserFavourite,string,,value,"The settings saved by the user. In general,  a UI defined chunk of json that stores the settings in place when the user created the favourite.",,,Defs,rg:None,rg:None,rg:None,rg:None,rg:None,rg:None,string,rg:None,rg:None,value,"The settings saved by the user. In general,  a UI defined chunk of json that stores the settings in place when the user created the favourite.",rg:None,rg:[ { 'req' : 'id'} ]
UserFavourite,boolean,,isDefault,"True if this Favourite is the default for this Context Type. On first access to a context in a session the default favourite for the context it is invoked. If there is no default favourite,  a system-wide default is invoked. On return to the context within a session,  the last parameters used are reapplied.",,,Defs,boolean,rg:None,rg:None,rg:None,rg:None,rg:None,rg:None,rg:None,rg:None,isDefault,"True if this Favourite is the default for this Context Type. On first access to a context in a session the default favourite for the context it is invoked. If there is no default favourite,  a system-wide default is invoked. On return to the context within a session,  the last parameters used are reapplied.",rg:None,rg:[ { 'req' : 'id'} ]
UserFavourite,ref,,User,The User who has this Favourite,User,,Defs,rg:None,rg:None,rg:None,rg:None,rg:None,ref,rg:None,rg:None,rg:None,User,The User who has this Favourite,User,rg:[ { 'req' : 'id'} ]
Region,table,,Region,,,,Defs,rg:None,rg:None,rg:None,rg:None,rg:None,rg:None,rg:None,table,rg:None,Region,rg:None,rg:None,rg:[ { 'req' : 'id'} ]
Region,id,,id,Primary Key,,Y,Defs,rg:None,rg:None,id,rg:None,rg:None,rg:None,rg:None,rg:None,rg:None,id,Primary Key,rg:None,rg:[ { 'req' : 'id'} ]
Region,integer,,ministryRegionID,The Ministry ID for the Region,,,Defs,rg:None,rg:None,rg:None,integer,rg:None,rg:None,rg:None,rg:None,rg:None,ministryRegionID,The Ministry ID for the Region,rg:None,rg:[ { 'req' : 'id'} ]
Region,string,,name,The name of the Region,,,Defs,rg:None,rg:None,rg:None,rg:None,rg:None,rg:None,string,rg:None,rg:None,name,The name of the Region,rg:None,rg:[ { 'req' : 'id'} ]
Region,datetime,,startDate,The effective date of the Region - NOT CURRENTLY ENFORCED IN SCHOOL BUS,,,Defs,rg:None,datetime,rg:None,rg:None,rg:None,rg:None,rg:None,rg:None,rg:None,startDate,The effective date of the Region - NOT CURRENTLY ENFORCED IN SCHOOL BUS,rg:None,rg:[ { 'req' : 'id'} ]
Region,datetime,,endDate,The end date of the Region; null if active - NOT CURRENTLY ENFORCED IN SCHOOL BUS,,,Defs,rg:None,datetime,rg:None,rg:None,rg:None,rg:None,rg:None,rg:None,rg:None,endDate,The end date of the Region; null if active - NOT CURRENTLY ENFORCED IN SCHOOL BUS,rg:None,rg:[ { 'req' : 'id'} ]
District,table,,District,,,,Defs,rg:None,rg:None,rg:None,rg:None,rg:None,rg:None,rg:None,table,rg:None,District,rg:None,rg:None,rg:[ { 'req' : 'id'} ]
District,id,,id,Primary Key,,Y,Defs,rg:None,rg:None,id,rg:None,rg:None,rg:None,rg:None,rg:None,rg:None,id,Primary Key,rg:None,rg:[ { 'req' : 'id'} ]
District,integer,,ministryDistrictID,The Ministry ID for the District,,,Defs,rg:None,rg:None,rg:None,integer,rg:None,rg:None,rg:None,rg:None,rg:None,ministryDistrictID,The Ministry ID for the District,rg:None,rg:[ { 'req' : 'id'} ]
District,string,,name,The name of the District,,,Defs,rg:None,rg:None,rg:None,rg:None,rg:None,rg:None,string,rg:None,rg:None,name,The name of the District,rg:None,rg:[ { 'req' : 'id'} ]
District,ref,,region,The region in which the District is found.,Region,,Defs,rg:None,rg:None,rg:None,rg:None,rg:None,ref,rg:None,rg:None,rg:None,region,The region in which the District is found.,Region,rg:[ { 'req' : 'id'} ]
District,datetime,,startDate,The effective date of the District ID - NOT CURRENTLY ENFORCED IN SCHOOL BUS,,,Defs,rg:None,datetime,rg:None,rg:None,rg:None,rg:None,rg:None,rg:None,rg:None,startDate,The effective date of the District ID - NOT CURRENTLY ENFORCED IN SCHOOL BUS,rg:None,rg:[ { 'req' : 'id'} ]
District,datetime,,endDate,The end date of the District; null if active - NOT CURRENTLY ENFORCED IN SCHOOL BUS,,,Defs,rg:None,datetime,rg:None,rg:None,rg:None,rg:None,rg:None,rg:None,rg:None,endDate,The end date of the District; null if active - NOT CURRENTLY ENFORCED IN SCHOOL BUS,rg:None,rg:[ { 'req' : 'id'} ]
ServiceArea,table,,ServiceArea,,,,Defs,rg:None,rg:None,rg:None,rg:None,rg:None,rg:None,rg:None,table,rg:None,ServiceArea,rg:None,rg:None,rg:[ { 'req' : 'id'} ]
ServiceArea,id,,id,Primary Key,,Y,Defs,rg:None,rg:None,id,rg:None,rg:None,rg:None,rg:None,rg:None,rg:None,id,Primary Key,rg:None,rg:[ { 'req' : 'id'} ]
ServiceArea,integer,,ministryServiceAreaID,The Ministry ID for the Service Area,,,Defs,rg:None,rg:None,rg:None,integer,rg:None,rg:None,rg:None,rg:None,rg:None,ministryServiceAreaID,The Ministry ID for the Service Area,rg:None,rg:[ { 'req' : 'id'} ]
ServiceArea,string,,name,The name of the Service Area,,,Defs,rg:None,rg:None,rg:None,rg:None,rg:None,rg:None,string,rg:None,rg:None,name,The name of the Service Area,rg:None,rg:[ { 'req' : 'id'} ]
ServiceArea,ref,,district,The district in which the Service Area is found.,District,,Defs,rg:None,rg:None,rg:None,rg:None,rg:None,ref,rg:None,rg:None,rg:None,district,The district in which the Service Area is found.,District,rg:[ { 'req' : 'id'} ]
ServiceArea,datetime,,startDate,The effective date of the Service Area - NOT CURRENTLY ENFORCED IN SCHOOL BUS,,,Defs,rg:None,datetime,rg:None,rg:None,rg:None,rg:None,rg:None,rg:None,rg:None,startDate,The effective date of the Service Area - NOT CURRENTLY ENFORCED IN SCHOOL BUS,rg:None,rg:[ { 'req' : 'id'} ]
ServiceArea,datetime,,endDate,The end date of the Service Area; null if active - NOT CURRENTLY ENFORCED IN SCHOOL BUS,,,Defs,rg:None,datetime,rg:None,rg:None,rg:None,rg:None,rg:None,rg:None,rg:None,endDate,The end date of the Service Area; null if active - NOT CURRENTLY ENFORCED IN SCHOOL BUS,rg:None,rg:[ { 'req' : 'id'} ]
SchoolDistrict,table,,SchoolDistrict,A list of School Districts in the Province of BC. Authoritative source to be determined.,,,Defs,rg:None,rg:None,rg:None,rg:None,rg:None,rg:None,rg:None,table,rg:None,SchoolDistrict,A list of School Districts in the Province of BC. Authoritative source to be determined.,rg:None,rg:[ { 'req' : 'id'} ]
SchoolDistrict,id,,id,Primary Key,,Y,Defs,rg:None,rg:None,id,rg:None,rg:None,rg:None,rg:None,rg:None,rg:None,id,Primary Key,rg:None,rg:[ { 'req' : 'id'} ]
SchoolDistrict,string,,name,The full name of the School District,,,Defs,rg:None,rg:None,rg:None,rg:None,rg:None,rg:None,string,rg:None,rg:None,name,The full name of the School District,rg:None,rg:[ { 'req' : 'id'} ]
SchoolDistrict,string,,shortName,A short name for the School District useful in some areas of the UI. Usually with format \&quot;SD 61\&quot;.,,,Defs,rg:None,rg:None,rg:None,rg:None,rg:None,rg:None,string,rg:None,rg:None,shortName,A short name for the School District useful in some areas of the UI. Usually with format \&quot;SD 61\&quot;.,rg:None,rg:[ { 'req' : 'id'} ]
City,table,,City,A list of cities in BC. Authoritative source to be determined.,,,Defs,rg:None,rg:None,rg:None,rg:None,rg:None,rg:None,rg:None,table,rg:None,City,A list of cities in BC. Authoritative source to be determined.,rg:None,rg:[ { 'req' : 'id'} ]
City,id,,id,Primary Key,,Y,Defs,rg:None,rg:None,id,rg:None,rg:None,rg:None,rg:None,rg:None,rg:None,id,Primary Key,rg:None,rg:[ { 'req' : 'id'} ]
City,string,,name,The name of the City,,,Defs,rg:None,rg:None,rg:None,rg:None,rg:None,rg:None,string,rg:None,rg:None,name,The name of the City,rg:None,rg:[ { 'req' : 'id'} ]
Notification,table,,Notification,,,,Defs,rg:None,rg:None,rg:None,rg:None,rg:None,rg:None,rg:None,table,rg:None,Notification,rg:None,rg:None,rg:[ { 'req' : 'id'} ]
Notification,id,,id,Primary Key,,Y,Defs,rg:None,rg:None,id,rg:None,rg:None,rg:None,rg:None,rg:None,rg:None,id,Primary Key,rg:None,rg:[ { 'req' : 'id'} ]
Notification,ref,,event,,NotificationEvent,,Defs,rg:None,rg:None,rg:None,rg:None,rg:None,ref,rg:None,rg:None,rg:None,event,rg:None,NotificationEvent,rg:[ { 'req' : 'id'} ]
Notification,ref,,event2,,NotificationEvent,,Defs,rg:None,rg:None,rg:None,rg:None,rg:None,ref,rg:None,rg:None,rg:None,event2,rg:None,NotificationEvent,rg:[ { 'req' : 'id'} ]
Notification,boolean,,hasBeenViewed,,,,Defs,boolean,rg:None,rg:None,rg:None,rg:None,rg:None,rg:None,rg:None,rg:None,hasBeenViewed,rg:None,rg:None,rg:[ { 'req' : 'id'} ]
Notification,boolean,,isWatchNotification,,,,Defs,boolean,rg:None,rg:None,rg:None,rg:None,rg:None,rg:None,rg:None,rg:None,isWatchNotification,rg:None,rg:None,rg:[ { 'req' : 'id'} ]
Notification,boolean,,isExpired,,,,Defs,boolean,rg:None,rg:None,rg:None,rg:None,rg:None,rg:None,rg:None,rg:None,isExpired,rg:None,rg:None,rg:[ { 'req' : 'id'} ]
Notification,boolean,,isAllDay,,,,Defs,boolean,rg:None,rg:None,rg:None,rg:None,rg:None,rg:None,rg:None,rg:None,isAllDay,rg:None,rg:None,rg:[ { 'req' : 'id'} ]
Notification,string,,priorityCode,,,,Defs,rg:None,rg:None,rg:None,rg:None,rg:None,rg:None,string,rg:None,rg:None,priorityCode,rg:None,rg:None,rg:[ { 'req' : 'id'} ]
Notification,ref,,user,,User,,Defs,rg:None,rg:None,rg:None,rg:None,rg:None,ref,rg:None,rg:None,rg:None,user,rg:None,User,rg:[ { 'req' : 'id'} ]
NotificationEvent,table,,NotificationEvent,,,,Defs,rg:None,rg:None,rg:None,rg:None,rg:None,rg:None,rg:None,table,rg:None,NotificationEvent,rg:None,rg:None,rg:[ { 'req' : 'id'} ]
NotificationEvent,id,,id,Primary Key,,Y,Defs,rg:None,rg:None,id,rg:None,rg:None,rg:None,rg:None,rg:None,rg:None,id,Primary Key,rg:None,rg:[ { 'req' : 'id'} ]
NotificationEvent,datetime,,eventTime,,,,Defs,rg:None,datetime,rg:None,rg:None,rg:None,rg:None,rg:None,rg:None,rg:None,eventTime,rg:None,rg:None,rg:[ { 'req' : 'id'} ]
NotificationEvent,string,,eventTypeCode,,,,Defs,rg:None,rg:None,rg:None,rg:None,rg:None,rg:None,string,rg:None,rg:None,eventTypeCode,rg:None,rg:None,rg:[ { 'req' : 'id'} ]
NotificationEvent,string,,eventSubTypeCode,,,,Defs,rg:None,rg:None,rg:None,rg:None,rg:None,rg:None,string,rg:None,rg:None,eventSubTypeCode,rg:None,rg:None,rg:[ { 'req' : 'id'} ]
NotificationEvent,string,,notes,,,,Defs,rg:None,rg:None,rg:None,rg:None,rg:None,rg:None,string,rg:None,rg:None,notes,rg:None,rg:None,rg:[ { 'req' : 'id'} ]
NotificationEvent,boolean,,notificationGenerated,,,,Defs,boolean,rg:None,rg:None,rg:None,rg:None,rg:None,rg:None,rg:None,rg:None,notificationGenerated,rg:None,rg:None,rg:[ { 'req' : 'id'} ]
NotificationEvent,ref,,schoolBus,,SchoolBus,,Defs,rg:None,rg:None,rg:None,rg:None,rg:None,ref,rg:None,rg:None,rg:None,schoolBus,rg:None,SchoolBus,rg:[ { 'req' : 'id'} ]
User,table,,User,Information about the users of the system.,,,Defs,rg:None,rg:None,rg:None,rg:None,rg:None,rg:None,rg:None,table,rg:None,User,Information about the users of the system.,rg:None,"rg:[ { 'req' : 'id' }, { 'req': 'active'} ]"
User,id,,id,Primary Key,,Y,Defs,rg:None,rg:None,id,rg:None,rg:None,rg:None,rg:None,rg:None,rg:None,id,Primary Key,rg:None,"rg:[ { 'req' : 'id' }, { 'req': 'active'} ]"
User,string,,givenName,,,,Defs,rg:None,rg:None,rg:None,rg:None,rg:None,rg:None,string,rg:None,rg:None,givenName,rg:None,rg:None,"rg:[ { 'req' : 'id' }, { 'req': 'active'} ]"
User,string,,surname,,,,Defs,rg:None,rg:None,rg:None,rg:None,rg:None,rg:None,string,rg:None,rg:None,surname,rg:None,rg:None,"rg:[ { 'req' : 'id' }, { 'req': 'active'} ]"
User,string,,initials,,,,Defs,rg:None,rg:None,rg:None,rg:None,rg:None,rg:None,string,rg:None,rg:None,initials,rg:None,rg:None,"rg:[ { 'req' : 'id' }, { 'req': 'active'} ]"
User,string,,email,,,,Defs,rg:None,rg:None,rg:None,rg:None,rg:None,rg:None,string,rg:None,rg:None,email,rg:None,rg:None,"rg:[ { 'req' : 'id' }, { 'req': 'active'} ]"
User,boolean,,active,,,Y,Defs,boolean,rg:None,rg:None,rg:None,rg:None,rg:None,rg:None,rg:None,rg:None,active,rg:None,rg:None,"rg:[ { 'req' : 'id' }, { 'req': 'active'} ]"
User,string,,smUserId,Security Manager User ID,,,Defs,rg:None,rg:None,rg:None,rg:None,rg:None,rg:None,string,rg:None,rg:None,smUserId,Security Manager User ID,rg:None,"rg:[ { 'req' : 'id' }, { 'req': 'active'} ]"
User,string,,guid,,,,Defs,rg:None,rg:None,rg:None,rg:None,rg:None,rg:None,string,rg:None,rg:None,guid,rg:None,rg:None,"rg:[ { 'req' : 'id' }, { 'req': 'active'} ]"
User,string,,smAuthorizationDirectory,,,,Defs,rg:None,rg:None,rg:None,rg:None,rg:None,rg:None,string,rg:None,rg:None,smAuthorizationDirectory,rg:None,rg:None,"rg:[ { 'req' : 'id' }, { 'req': 'active'} ]"
UserRole,table,,UserRole,,,,Defs,rg:None,rg:None,rg:None,rg:None,rg:None,rg:None,rg:None,table,rg:None,UserRole,rg:None,rg:None,"rg:[ { 'req' : 'id' }, { 'req': 'effectiveDate'} ]"
UserRole,id,,id,Primary Key,,Y,Defs,rg:None,rg:None,id,rg:None,rg:None,rg:None,rg:None,rg:None,rg:None,id,Primary Key,rg:None,"rg:[ { 'req' : 'id' }, { 'req': 'effectiveDate'} ]"
UserRole,datetime,,effectiveDate,,,Y,Defs,rg:None,datetime,rg:None,rg:None,rg:None,rg:None,rg:None,rg:None,rg:None,effectiveDate,rg:None,rg:None,"rg:[ { 'req' : 'id' }, { 'req': 'effectiveDate'} ]"
UserRole,datetime,,expiryDate,,,,Defs,rg:None,datetime,rg:None,rg:None,rg:None,rg:None,rg:None,rg:None,rg:None,expiryDate,rg:None,rg:None,"rg:[ { 'req' : 'id' }, { 'req': 'effectiveDate'} ]"
UserRole,ref,,user,,User,,Defs,rg:None,rg:None,rg:None,rg:None,rg:None,ref,rg:None,rg:None,rg:None,user,rg:None,User,"rg:[ { 'req' : 'id' }, { 'req': 'effectiveDate'} ]"
UserRole,ref,,role,,Role,,Defs,rg:None,rg:None,rg:None,rg:None,rg:None,ref,rg:None,rg:None,rg:None,role,rg:None,Role,"rg:[ { 'req' : 'id' }, { 'req': 'effectiveDate'} ]"
Role,table,,Role,,,,Defs,rg:None,rg:None,rg:None,rg:None,rg:None,rg:None,rg:None,table,rg:None,Role,rg:None,rg:None,"rg:[ { 'req' : 'id' }, { 'req': 'name' }, { 'req': 'description'} ]"
Role,id,,id,Primary Key,,Y,Defs,rg:None,rg:None,id,rg:None,rg:None,rg:None,rg:None,rg:None,rg:None,id,Primary Key,rg:None,"rg:[ { 'req' : 'id' }, { 'req': 'name' }, { 'req': 'description'} ]"
Role,string,,name,,,Y,Defs,rg:None,rg:None,rg:None,rg:None,rg:None,rg:None,string,rg:None,rg:None,name,rg:None,rg:None,"rg:[ { 'req' : 'id' }, { 'req': 'name' }, { 'req': 'description'} ]"
Role,string,,description,,,Y,Defs,rg:None,rg:None,rg:None,rg:None,rg:None,rg:None,string,rg:None,rg:None,description,rg:None,rg:None,"rg:[ { 'req' : 'id' }, { 'req': 'name' }, { 'req': 'description'} ]"
Role,links,,rolePermissions,,RolePermission,,Defs,rg:None,rg:None,rg:None,rg:None,links,rg:None,rg:None,rg:None,rg:None,rolePermissions,rg:None,RolePermission,"rg:[ { 'req' : 'id' }, { 'req': 'name' }, { 'req': 'description'} ]"
Role,links,,userRoles,,UserRole,,Defs,rg:None,rg:None,rg:None,rg:None,links,rg:None,rg:None,rg:None,rg:None,userRoles,rg:None,UserRole,"rg:[ { 'req' : 'id' }, { 'req': 'name' }, { 'req': 'description'} ]"
RolePermission,table,,RolePermission,,,,Defs,rg:None,rg:None,rg:None,rg:None,rg:None,rg:None,rg:None,table,rg:None,RolePermission,rg:None,rg:None,rg:[ { 'req' : 'id'} ]
RolePermission,id,,id,Primary Key,,Y,Defs,rg:None,rg:None,id,rg:None,rg:None,rg:None,rg:None,rg:None,rg:None,id,Primary Key,rg:None,rg:[ { 'req' : 'id'} ]
RolePermission,ref,,role,,Role,,Defs,rg:None,rg:None,rg:None,rg:None,rg:None,ref,rg:None,rg:None,rg:None,role,rg:None,Role,rg:[ { 'req' : 'id'} ]
RolePermission,ref,,permission,,Permission,,Defs,rg:None,rg:None,rg:None,rg:None,rg:None,ref,rg:None,rg:None,rg:None,permission,rg:None,Permission,rg:[ { 'req' : 'id'} ]
Permission,table,,Permission,,,,Defs,rg:None,rg:None,rg:None,rg:None,rg:None,rg:None,rg:None,table,rg:None,Permission,rg:None,rg:None,"rg:[ { 'req' : 'id' }, { 'req': 'code' }, { 'req': 'name' }, { 'req': 'description'} ]"
Permission,id,,id,Primary Key,,Y,Defs,rg:None,rg:None,id,rg:None,rg:None,rg:None,rg:None,rg:None,rg:None,id,Primary Key,rg:None,"rg:[ { 'req' : 'id' }, { 'req': 'code' }, { 'req': 'name' }, { 'req': 'description'} ]"
Permission,string,,code,,,Y,Defs,rg:None,rg:None,rg:None,rg:None,rg:None,rg:None,string,rg:None,rg:None,code,rg:None,rg:None,"rg:[ { 'req' : 'id' }, { 'req': 'code' }, { 'req': 'name' }, { 'req': 'description'} ]"
Permission,string,,name,,,Y,Defs,rg:None,rg:None,rg:None,rg:None,rg:None,rg:None,string,rg:None,rg:None,name,rg:None,rg:None,"rg:[ { 'req' : 'id' }, { 'req': 'code' }, { 'req': 'name' }, { 'req': 'description'} ]"
Permission,string,,description,,,Y,Defs,rg:None,rg:None,rg:None,rg:None,rg:None,rg:None,string,rg:None,rg:None,description,rg:None,rg:None,"rg:[ { 'req' : 'id' }, { 'req': 'code' }, { 'req': 'name' }, { 'req': 'description'} ]"
GroupMembership,table,,GroupMembership,,,,Defs,rg:None,rg:None,rg:None,rg:None,rg:None,rg:None,rg:None,table,rg:None,GroupMembership,rg:None,rg:None,"rg:[ { 'req' : 'id' }, { 'req': 'active'} ]"
GroupMembership,id,,id,Primary Key,,Y,Defs,rg:None,rg:None,id,rg:None,rg:None,rg:None,rg:None,rg:None,rg:None,id,Primary Key,rg:None,"rg:[ { 'req' : 'id' }, { 'req': 'active'} ]"
GroupMembership,boolean,,active,,,Y,Defs,boolean,rg:None,rg:None,rg:None,rg:None,rg:None,rg:None,rg:None,rg:None,active,rg:None,rg:None,"rg:[ { 'req' : 'id' }, { 'req': 'active'} ]"
GroupMembership,ref,,group,,Group,,Defs,rg:None,rg:None,rg:None,rg:None,rg:None,ref,rg:None,rg:None,rg:None,group,rg:None,Group,"rg:[ { 'req' : 'id' }, { 'req': 'active'} ]"
GroupMembership,ref,,user,,User,,Defs,rg:None,rg:None,rg:None,rg:None,rg:None,ref,rg:None,rg:None,rg:None,user,rg:None,User,"rg:[ { 'req' : 'id' }, { 'req': 'active'} ]"
Group,table,,Group,,,,Defs,rg:None,rg:None,rg:None,rg:None,rg:None,rg:None,rg:None,table,rg:None,Group,rg:None,rg:None,"rg:[ { 'req' : 'id' }, { 'req': 'name' }, { 'req': 'description'} ]"
Group,id,,id,Primary Key,,Y,Defs,rg:None,rg:None,id,rg:None,rg:None,rg:None,rg:None,rg:None,rg:None,id,Primary Key,rg:None,"rg:[ { 'req' : 'id' }, { 'req': 'name' }, { 'req': 'description'} ]"
Group,string,,name,,,Y,Defs,rg:None,rg:None,rg:None,rg:None,rg:None,rg:None,string,rg:None,rg:None,name,rg:None,rg:None,"rg:[ { 'req' : 'id' }, { 'req': 'name' }, { 'req': 'description'} ]"
Group,string,,description,,,Y,Defs,rg:None,rg:None,rg:None,rg:None,rg:None,rg:None,string,rg:None,rg:None,description,rg:None,rg:None,"rg:[ { 'req' : 'id' }, { 'req': 'name' }, { 'req': 'description'} ]"
